[
     {
        "fields": {
            "status": 2,
            "last_updated": "2015-05-01T00:17:40.085Z",
            "name": "Image Labeling",
            "deleted": false,
            "price": 2,
            "project": 2,
            "keywords":"image, tagging",
            "created_timestamp": "2015-05-01T00:17:40.085Z",
            "module_timeout": 3,
            "owner": 1,
            "repetition": 2,
            "description": "Label the image" 
        },
        "model": "crowdsourcing.module",
         "pk": 1
     },
     {
        "fields": {
            "status": 2,
            "last_updated": "2015-05-01T00:17:40.085Z",
            "name": "Trend Analysis",
            "deleted": false,
            "price": 3,
            "project": 2,
            "keywords":"trend,sound, record",
            "created_timestamp":"2015-05-01T00:17:40.085Z",
            "module_timeout": 2,
            "owner": 2,
            "repetition": 0,
            "description": "Traind Audio" 
        },
        "model": "crowdsourcing.module",
        "pk": 2
    },
     {
        "fields": {
            "status": 2,
            "last_updated": "2015-05-01T00:17:40.085Z",
            "name": "Image Tagging",
            "deleted": false,
            "price": 4,
            "project": 4,
            "keywords":"data, images",
            "created_timestamp": "2015-05-01T00:17:40.085Z",
            "module_timeout": 10,
            "owner": 2,
            "repetition": 0,
            "description": "Label Images" 
        },
        "model": "crowdsourcing.module",
        "pk": 3
    },
    {
        "fields": {
            "status": 2,
            "last_updated": "2015-05-01T00:17:40.085Z",
            "name": "Writing Essays",
            "deleted": false,
            "price": 4,
            "project": 3,
            "keywords":"Write, doc",
            "created_timestamp": "2015-05-01T00:17:40.085Z",
            "module_timeout": 10,
            "owner": 2,
            "repetition": 1,
            "description": "Write Essay" 
        },
        "model": "crowdsourcing.module",
        "pk": 4
    },
    {
        "fields": {
            "status": 2,
            "last_updated": "2015-05-01T00:17:40.085Z",
            "name": "Writing Poems",
            "deleted": false,
            "price": 15,
            "project": 4,
            "keywords":"writing, poem, english",
            "created_timestamp": "2015-05-01T00:17:40.085Z",
            "module_timeout": 21,
            "owner": 1,
            "repetition": 0,
            "description": "Write a Poem" 
        },
        "model": "crowdsourcing.module",
        "pk": 5
    },
    {
        "fields": {
            "status": 2,
            "last_updated": "2015-05-01T00:17:40.085Z",
            "name": "Sentiment Analysis",
            "deleted": false,
            "price": 51,
            "project": 4,
            "keywords":"trends, analysis, english",
            "created_timestamp": "2015-05-01T00:17:40.085Z",
            "module_timeout": 2,
            "owner": 2,
            "repetition": 3,
            "description": "Stocks Trend Analysis" 
        },
        "model": "crowdsourcing.module",
        "pk": 6
    },
        {
        "fields": {
            "status": 1,
            "last_updated": "2015-05-01T00:17:40.085Z",
            "name": "Audio Thranscripton",
            "deleted": false,
            "price": 5.4,
            "project": 4,
            "keywords":"music, audio, english",
            "created_timestamp": "2015-05-01T00:17:40.085Z",
            "module_timeout": 2,
            "owner": 2,
            "repetition": 6,
            "description": "Blue Music Audio" 
        },
        "model": "crowdsourcing.module",
        "pk": 7
    },
        {
        "fields": {
            "status": 2,
            "last_updated": "2015-05-01T00:17:40.085Z",
            "name": "Image Labeling",
            "deleted": false,
            "price": 4,
            "project": 2,
            "keywords":"image, english, data ",
            "created_timestamp": "2015-05-01T00:17:40.085Z",
            "module_timeout": 2,
            "owner": 1,
            "repetition": 6,
            "description": "Labeling Nature Data" 
        },
        "model": "crowdsourcing.module",
        "pk":8
    },
    {
        "fields": {
            "status": 2,
            "last_updated": "2015-05-01T00:17:40.085Z",
            "name": "Video  Transcription",
            "deleted": false,
            "price": 2,
            "project": 5,
            "keywords":"video, english",
            "created_timestamp": "2015-05-01T00:17:40.085Z",
            "module_timeout": 2,
            "owner": 2,
            "repetition": 3,
            "description": "Video Transcription" 
        },
        "model": "crowdsourcing.module",
        "pk": 9
    },
    {
        "fields": {
            "status": 2,
            "last_updated": "2015-05-01T00:17:40.085Z",
            "name": "Poster Paintings",
            "deleted": false,
            "price": 7,
            "project": 4,
            "keywords":"painting, arts, english",
            "created_timestamp": "2015-05-01T00:17:40.085Z",
            "module_timeout": 40,
            "owner": 1,
            "repetition": 5,
            "description": "Painting" 
        },
        "model": "crowdsourcing.module",
        "pk": 10
    },
    {
        "fields": {
            "status": 2,
            "last_updated": "2015-05-01T00:17:40.085Z",
            "name": "Marketing Survey",
            "deleted": false,
            "price": 2,
            "project": 5,
            "keywords":"product, sales, marketing",
            "created_timestamp": "2015-05-01T00:17:40.085Z",
            "module_timeout": 2,
            "owner": 2,
            "repetition": 3,
            "description": "Sales Survey" 
        },
        "model": "crowdsourcing.module",
        "pk": 11
    },
    {
        "fields": {
            "status": 2,
            "last_updated": "2015-05-01T00:17:40.085Z",
            "name": "Research Survey",
            "deleted": false,
            "price": 2,
            "project": 5,
            "keywords":"research, lab, survey",
            "created_timestamp": "2015-05-01T00:17:40.085Z",
            "module_timeout": 2,
            "owner": 2,
            "repetition": 3,
            "description": "Medical Research Survey" 
        },
        "model": "crowdsourcing.module",
        "pk": 12
    },
    {
        "fields": {
            "status": 2,
            "last_updated": "2015-05-01T00:17:40.085Z",
            "name": "Academic Survey",
            "deleted": false,
            "price": 8,
            "project": 3,
            "keywords":"Lab, survey, academia",
            "created_timestamp": "2015-05-01T00:17:40.085Z",
            "module_timeout": 2,
            "owner": 1,
            "repetition": 9,
            "description": "Survey on Job Market" 
        },
        "model": "crowdsourcing.module",
        "pk": 13
    },
       {
        "fields": {
            "status": 2,
            "last_updated": "2015-05-01T00:17:40.085Z",
            "name": "Medical Survey",
            "deleted": false,
            "price": 8,
            "project": 3,
            "keywords":"Lab, medical, academia",
            "created_timestamp": "2015-05-01T00:17:40.085Z",
            "module_timeout": 2,
            "owner": 1,
            "repetition": 1,
            "description": "Survey on Job Market" 
        },
        "model": "crowdsourcing.module",
        "pk": 15
    },
    {
        "fields": {
            "status": 2,
            "last_updated": "2015-05-01T00:17:40.085Z",
            "name": "Medical Survey",
            "deleted": false,
            "price": 8,
            "project": 3,
            "keywords":"Lab, medical, academia",
            "created_timestamp": "2015-05-01T00:17:40.085Z",
            "module_timeout": 2,
            "owner": 1,
            "repetition": 1,
            "description": "Survey on Job Market" 
        },
        "model": "crowdsourcing.module",
        "pk": 16
    },
    {
        "fields": {
            "status": 2,
            "last_updated": "2015-05-01T00:17:40.085Z",
            "name": "Medical Survey",
            "deleted": false,
            "price": 8,
            "project": 3,
            "keywords":"Lab, medical, academia",
            "created_timestamp": "2015-05-01T00:17:40.085Z",
            "module_timeout": 2,
            "owner": 1,
            "repetition": 1,
            "description": "Survey on Job Market" 
        },
        "model": "crowdsourcing.module",
        "pk": 17
    }
]